{"stat.pickup.minecraft.double_plant":3,"stat.useItem.minecraft.red_flower":6,"stat.walkOneCm":10953,"stat.leaveGame":7,"stat.mineBlock.minecraft.red_flower":10,"stat.mineBlock.minecraft.double_plant":3,"stat.flyOneCm":15755,"stat.pickup.minecraft.wheat_seeds":3,"stat.drop":2,"stat.jump":75,"stat.useItem.minecraft.double_plant":2,"stat.playOneMinute":7166,"stat.drop.minecraft.wheat_seeds":2,"stat.fallOneCm":1730,"stat.pickup.minecraft.red_flower":8,"stat.sneakTime":4,"stat.damageDealt":187,"stat.crouchOneCm":45,"stat.timeSinceDeath":7166,"stat.sprintOneCm":19533,"stat.useItem.minecraft.stone_slab2":3,"stat.mineBlock.minecraft.tallgrass":5}