{"stat.pickup.minecraft.double_plant":3,"stat.useItem.minecraft.red_flower":1,"stat.walkOneCm":7497,"stat.leaveGame":4,"stat.mineBlock.minecraft.red_flower":10,"stat.mineBlock.minecraft.double_plant":3,"stat.flyOneCm":14424,"stat.pickup.minecraft.wheat_seeds":3,"stat.drop":2,"stat.jump":66,"stat.playOneMinute":5413,"stat.drop.minecraft.wheat_seeds":2,"stat.fallOneCm":1730,"stat.pickup.minecraft.red_flower":8,"stat.damageDealt":117,"stat.timeSinceDeath":5413,"stat.sprintOneCm":14025,"stat.useItem.minecraft.stone_slab2":1,"stat.mineBlock.minecraft.tallgrass":4}